Gene_Name,VAF_Value,Mutation,Reads_T,Reads_T,reScale
CLCC1,0.36 ,"1,109279013,1,G/A",249,89,0.43
EPS8L3,0.53 ,"1,110102794,1,C/T",76,40,0.63
MTOR,0.55 ,"1,11109449,1,A/G",157,86,0.65
TSPAN2,0.09 ,"1,115402998,1,G/C",163,14,0.11
AADACL4,0.42 ,"1,12627344,1,C/T",255,107,0.5
PRAMEF1,0.12 ,"1,12776317,1,C/T",188,22,0.14
PRAMEF2,0.02 ,"1,12842269,1,C/T",255,5,0.02
ATAD3B,0.07 ,"1,1411704,1,G/C",108,8,0.08
PDE4DIP,0.09 ,"1,143568174,1,T/C",120,11,0.11
PDE4DIP_1,0.04 ,"1,143568353,1,T/C",255,9,0.05
NBPF11,0.09 ,"1,144768777,1,G/A",195,17,0.11
NBPF14,0.05 ,"1,146492327,1,C/T",129,6,0.06
NoRecordGene,0.07 ,"1,146492510,1,G/A",170,12,0.08
NoRecordGene_1,0.06 ,"1,146492547,1,G/C",108,6,0.07
NBPF15,0.03 ,"1,146846296,1,A/T",177,5,0.04
NBPF15_1,0.08 ,"1,146849105,1,A/G",117,9,0.1
NBPF16,0.09 ,"1,146855515,1,C/T",54,5,0.11
HRNR,0.12 ,"1,150453501,1,C/G",255,30,0.14
FLG,0.05 ,"1,150547315,1,A/T",255,13,0.06
NUP210L,0.06 ,"1,152241066,1,G/C",204,12,0.07
ASTN1,0.25 ,"1,175400230,1,G/T",236,59,0.3
CFH,0.07 ,"1,194979200,1,T/C",165,12,0.08
PLEKHA6,0.14 ,"1,202500837,1,C/T",76,11,0.17
PM20D1,0.09 ,"1,204083641,1,C/T",92,8,0.11
EIF2D,0.34 ,"1,204840327,1,C/T",253,86,0.4
HSD11B1,0.02 ,"1,207945884,1,C/T",253,6,0.02
RAB3GAP2,0.38 ,"1,218422339,1,G/C",39,15,0.45
RAB3GAP2_1,0.25 ,"1,218422907,1,G/C",68,17,0.3
TARBP1,0.37 ,"1,232660067,1,G/T",75,28,0.44
OR2T3,0.02 ,"1,246704014,1,C/T",254,5,0.02
OR2T27,0.03 ,"1,246879915,1,T/C",248,7,0.04
CYP4A11,0.15 ,"1,47173844,1,C/G",253,37,0.18
DAB1,0.15 ,"1,57310693,1,G/A",59,9,0.18
VAMP3,0.22 ,"1,7756132,1,C/T",110,24,0.26
TTLL7,0.36 ,"1,84121216,1,G/C",89,32,0.43
NMNAT1,0.39 ,"1,9958226,1,T/C",76,30,0.46
SF3B1,0.34 ,"2,197973698,1,C/T",74,25,0.4
USP37,0.16 ,"2,219032824,1,C/T",147,24,0.19
SP110,0.75 ,"2,230775638,1,G/A",141,106,0.89
COL6A3,0.17 ,"2,237914310,1,C/G",156,26,0.2
DHX57,0.35 ,"2,38887207,1,G/A",255,90,0.42
ANXA4,0.46 ,"2,69901238,1,C/G",61,28,0.55
PTCD3,0.57 ,"2,86197673,1,C/A",21,12,0.68
RGPD1,0.15 ,"2,87864812,1,T/C",54,8,0.18
RGPD1_1,0.29 ,"2,87864876,1,T/C",42,12,0.35
TEKT4,0.02 ,"2,94906164,1,C/G",254,6,0.02
CPSF3,0.13 ,"2,9505952,1,C/T",79,10,0.15
GRAMD1C,0.16 ,"3,115132228,1,C/A",135,22,0.19
UPK1B,0.42 ,"3,120392545,1,G/C",59,25,0.5
C3orf15,0.37 ,"3,120933910,1,T/A",137,51,0.44
MBD4,0.33 ,"3,130638090,1,C/G",159,53,0.39
SLC6A6,0.13 ,"3,14460314,1,C/G",93,12,0.15
MED12L,0.24 ,"3,152399889,1,T/A",25,6,0.29
FNDC3B,0.46 ,"3,173543691,1,C/T",24,11,0.55
OSBPL10,0.07 ,"3,31700679,1,A/G",72,5,0.08
RPSA,0.11 ,"3,39428519,1,A/G",255,27,0.13
ZNF502,0.15 ,"3,44738567,1,G/C",40,6,0.18
ZNF502_1,0.21 ,"3,44738927,1,G/C",255,53,0.25
USP4,0.31 ,"3,49296977,1,C/T",84,26,0.37
ITIH1,0.45 ,"3,52786731,1,C/T",97,44,0.54
ITIH1_1,0.53 ,"3,52788129,1,C/T",133,70,0.63
PTPRG,0.20 ,"3,62179493,1,G/C",84,17,0.24
MIR1324,0.16 ,"3,75762696,1,T/C",255,41,0.19
MTTP,0.12 ,"4,100761370,1,C/G",255,30,0.14
NHEDC1,0.13 ,"4,104046312,1,C/T",39,5,0.15
PLA2G12A,0.07 ,"4,110854937,1,G/T",99,7,0.08
METTL14,0.06 ,"4,119850753,1,G/C",105,6,0.07
TKTL2,0.41 ,"4,164612757,1,G/A",255,105,0.49
FRG1,0.06 ,"4,191118943,1,C/T",248,15,0.07
FRG1_1,0.07 ,"4,191118950,1,A/G",255,17,0.08
UGDH,0.43 ,"4,39183676,1,C/G",140,60,0.51
UGDH_1,0.40 ,"4,39183688,1,C/A",140,56,0.48
UGT2B11,0.03 ,"4,70104875,1,A/G",255,7,0.04
RAP1GDS1,0.64 ,"4,99519426,1,G/C",11,7,0.76
40608,0.13 ,"5,10455546,1,C/G",135,17,0.15
AP3S1,0.11 ,"5,115233728,1,A/T",63,7,0.13
VDAC1,0.40 ,"5,133354731,1,G/C",255,101,0.48
BRD8,0.54 ,"5,137534842,1,C/T",13,7,0.64
PCDHB2,0.05 ,"5,140456814,1,G/A",152,8,0.06
GEMIN5,0.14 ,"5,154256030,1,C/G",175,24,0.17
RNF145,0.13 ,"5,158563219,1,C/T",47,6,0.15
NSD1,0.44 ,"5,176653349,1,C/G",71,31,0.52
PRDM9,0.52 ,"5,23553687,1,G/C",42,22,0.62
NIPBL,0.39 ,"5,37036306,1,G/A",231,89,0.46
CENPH,0.56 ,"5,68534650,1,C/T",9,5,0.67
GTF3C6,0.20 ,"6,111387165,1,T/G",51,10,0.24
BCLAF1,0.19 ,"6,136624094,1,A/T",78,15,0.23
MTHFD1L,0.09 ,"6,151399898,1,C/T",239,22,0.11
SCAF8,0.08 ,"6,155150873,1,G/T",85,7,0.1
KIAA1949,0.56 ,"6,30760582,1,G/C",81,45,0.67
XPO5,0.30 ,"6,43604936,1,C/T",115,35,0.36
XPO5_1,0.31 ,"6,43604942,1,C/T",108,33,0.37
MUC17,0.09 ,"7,100464236,1,A/G",253,24,0.11
MUC17_1,0.04 ,"7,100464243,1,A/C",254,10,0.05
MUC17_2,0.05 ,"7,100466837,1,T/C",255,12,0.06
MUC17_3,0.11 ,"7,100468876,1,A/G",254,27,0.13
POLR2J3,0.24 ,"7,102022810,1,T/C",38,9,0.29
CFTR,0.44 ,"7,117054876,1,C/T",144,64,0.52
MLL3,0.02 ,"7,151563825,1,C/G",254,5,0.02
MLL3_1,0.14 ,"7,151566821,1,T/A",57,8,0.17
NoRecordGene_2,0.57 ,"7,25956203,1,A/C",37,21,0.68
ZNRF2,0.04 ,"7,30296051,1,C/T",132,5,0.05
FKBP9,0.05 ,"7,32982512,1,T/G",255,14,0.06
NPC1L1,0.51 ,"7,44539848,1,C/T",131,67,0.61
COPS6,0.46 ,"7,99524828,1,C/T",181,84,0.55
COPS6_1,0.36 ,"7,99526377,1,C/G",28,10,0.43
USP17L2,0.10 ,"8,12033545,1,G/C",172,17,0.12
ADAM9,0.08 ,"8,39066802,1,C/T",153,13,0.1
KIAA1958,0.28 ,"9,114376732,1,C/T",138,38,0.33
KIAA1958_1,0.28 ,"9,114376902,1,C/T",99,28,0.33
OR1L4,0.06 ,"9,124526832,1,T/C",250,15,0.07
PSIP1,0.13 ,"9,15459955,1,C/T",38,5,0.15
CBWD1,0.03 ,"9,162167,1,C/T",166,5,0.04
DCTN3,0.78 ,"9,34603832,1,C/T",51,40,0.93
CNTNAP3,0.84 ,"9,39168337,1,C/G",50,42,1.0
ANKRD20A4,0.13 ,"9,68710283,1,G/T",143,19,0.15
CHUK,0.47 ,"10,101949812,1,G/A",135,63,0.56
NT5C2,0.49 ,"10,104856368,1,G/C",77,38,0.58
TMEM236,0.22 ,"10,17853273,1,T/G",27,6,0.26
TIMM23,0.15 ,"10,51290367,1,G/C",34,5,0.18
C10orf27,0.28 ,"10,72206982,1,T/C",105,29,0.33
BMPR1A,0.46 ,"10,88669050,1,C/T",245,113,0.55
LARP4B,0.49 ,"10,920416,1,G/A",93,46,0.58
EXOSC1,0.43 ,"10,99188328,1,G/A",14,6,0.51
ATM,0.11 ,"11,107611693,1,G/C",154,17,0.13
OR10G8,0.04 ,"11,123405705,1,A/C",255,10,0.05
PANX3,0.35 ,"11,123994416,1,G/T",255,90,0.42
MOB2,0.05 ,"11,1576080,1,G/T",238,11,0.06
FOLH1,0.03 ,"11,49161308,1,T/C",178,5,0.04
OR8U8,0.18 ,"11,56224409,1,T/C",67,12,0.21
OR8U8_1,0.15 ,"11,56225393,1,G/T",34,5,0.18
RNF121,0.14 ,"11,71346012,1,T/A",64,9,0.17
AQP11,0.53 ,"11,76992433,1,T/C",64,34,0.63
CIT,0.60 ,"12,118699065,1,G/A",52,31,0.71
MORN3,0.11 ,"12,120581426,1,G/A",83,9,0.13
CLIP1,0.20 ,"12,121392262,1,C/T",25,5,0.24
SETD8,0.02 ,"12,122455445,1,A/C",253,5,0.02
UBC,0.05 ,"12,123963746,1,G/A",255,13,0.06
UBC_1,0.03 ,"12,123963758,1,G/C",255,7,0.04
EP400,0.57 ,"12,131120256,1,T/C",21,12,0.68
C12orf40,0.49 ,"12,38362662,1,T/G",43,21,0.58
GXYLT1,0.07 ,"12,40799177,1,T/A",163,11,0.08
KRT6B,0.03 ,"12,51129848,1,A/G",216,6,0.04
KRT6B_1,0.05 ,"12,51130142,1,G/A",233,11,0.06
NEUROD4,0.39 ,"12,53706824,1,C/T",110,43,0.46
DPY19L2,0.02 ,"12,62250866,1,T/C",254,6,0.02
TMBIM4,0.60 ,"12,64818125,1,G/A",254,152,0.71
RAB3IP,0.16 ,"12,68495390,1,C/A",50,8,0.19
C12orf57,0.39 ,"12,6925289,1,G/T",61,24,0.46
CLECL1,0.09 ,"12,9776980,1,A/T",77,7,0.11
C1QTNF9,0.05 ,"13,23788219,1,G/A",254,13,0.06
LNX2,0.40 ,"13,27041156,1,C/T",174,69,0.48
KLF5,0.12 ,"13,72534930,1,C/G",134,16,0.14
OR11H12,0.03 ,"14,18447795,1,T/C",193,5,0.04
HECTD1,0.47 ,"14,30678890,1,G/C",155,73,0.56
HECTD1_1,0.45 ,"14,30678979,1,G/C",29,13,0.54
CHURC1-FNTB,0.31 ,"14,64564045,1,G/C",180,56,0.37
SAMD15,0.16 ,"14,76913649,1,G/C",80,13,0.19
SAMD15_1,0.09 ,"14,76913830,1,G/C",55,5,0.11
SAMD15_2,0.09 ,"14,76914601,1,G/A",54,5,0.11
HERC2,0.15 ,"15,26157460,1,G/A",59,9,0.18
ARHGAP11A,0.40 ,"15,30717159,1,C/G",80,32,0.48
EIF2AK4,0.14 ,"15,38108932,1,G/A",127,18,0.17
DISP2,0.49 ,"15,38443110,1,C/G",57,28,0.58
IGDCC3,0.42 ,"15,63410917,1,G/A",95,40,0.5
AAGAB,0.41 ,"15,65283476,1,C/T",75,31,0.49
ACSM2B,0.02 ,"16,20461893,1,G/A",255,5,0.02
ZNF75A,0.05 ,"16,3307869,1,G/A",105,5,0.06
ALG1,0.04 ,"16,5074780,1,C/A",162,7,0.05
MT1X,0.44 ,"16,55274040,1,C/G",254,111,0.52
FHOD1,0.07 ,"16,65821134,1,G/C",255,18,0.08
NFATC3,0.30 ,"16,66713316,1,C/G",40,12,0.36
NFATC3_1,0.12 ,"16,66713912,1,C/T",136,16,0.14
NFATC3_2,0.17 ,"16,66714069,1,C/G",205,34,0.2
AARS,0.43 ,"16,68873904,1,C/T",23,10,0.51
AARS_1,0.42 ,"16,68873966,1,C/A",104,44,0.5
HYDIN,0.05 ,"16,69463419,1,A/T",255,12,0.06
GPATCH8,0.12 ,"17,39831667,1,C/G",111,13,0.14
CDC27,0.10 ,"17,42589724,1,T/C",131,13,0.12
CAMTA2,0.33 ,"17,4822356,1,C/T",18,6,0.39
CAMTA2_1,0.46 ,"17,4822500,1,C/G",219,100,0.55
USP6,0.40 ,"17,4974338,1,C/T",96,38,0.48
USP6_1,0.38 ,"17,4974716,1,C/G",213,81,0.45
TOM1L1,0.07 ,"17,50347129,1,A/T",104,7,0.08
SCPEP1,0.09 ,"17,52420557,1,T/A",53,5,0.11
ABCA9,0.16 ,"17,64498533,1,G/T",43,7,0.19
ABCA9_1,0.14 ,"17,64499978,1,G/C",50,7,0.17
POLR2A,0.52 ,"17,7342958,1,C/T",63,33,0.62
NoRecordGene_3,0.09 ,"18,14173979,1,G/A",255,23,0.11
MIB1,0.35 ,"18,17599869,1,G/T",255,88,0.42
DCC,0.04 ,"18,48843629,1,A/C",145,6,0.05
HMSD,0.12 ,"18,59778346,1,G/T",42,5,0.14
MAST1,0.38 ,"19,12815346,1,G/A",153,58,0.45
DAND5,0.44 ,"19,12945069,1,C/G",18,8,0.52
DAND5_1,0.39 ,"19,12945154,1,C/G",120,47,0.46
ZNF626,0.07 ,"19,20599365,1,C/T",173,12,0.08
RHPN2,0.02 ,"19,38162969,1,G/A",245,6,0.02
SIPA1L3,0.33 ,"19,43292745,1,G/A",169,56,0.39
CEACAM7,0.08 ,"19,46883827,1,C/G",142,11,0.1
PSG6,0.05 ,"19,48112017,1,G/C",94,5,0.06
PSG2,0.02 ,"19,48277298,1,G/T",220,5,0.02
ZNF285,0.03 ,"19,49583042,1,C/G",221,6,0.04
PPFIA3,0.26 ,"19,54336657,1,A/G",46,12,0.31
PRKCG,0.35 ,"19,59086591,1,G/A",23,8,0.42
LILRA2,0.09 ,"19,59777249,1,A/G",245,21,0.11
KIR3DL1,0.38 ,"19,60023121,1,G/A",255,98,0.45
KIR3DL2,0.04 ,"19,60058946,1,A/G",254,11,0.05
NOP56,0.14 ,"20,2584261,1,G/C",117,16,0.17
NOP56_1,0.16 ,"20,2585638,1,G/A",255,42,0.19
EIF2S2,0.48 ,"20,32141430,1,C/G",82,39,0.57
CHD6,0.44 ,"20,39467262,1,G/A",222,98,0.52
ARFGEF2,0.07 ,"20,47067413,1,A/T",126,9,0.08
ATP9A,0.11 ,"20,49726170,1,G/A",47,5,0.13
FERMT1,0.42 ,"20,6013772,1,C/A",214,90,0.5
POTED,0.06 ,"21,13904698,1,T/C",254,15,0.07
CXADR,0.09 ,"21,17846060,1,A/G",100,9,0.11
BCR,0.05 ,"22,21986859,1,T/C",189,10,0.06
RFPL2,0.03 ,"22,30919088,1,G/A",255,7,0.04
RPL3,0.15 ,"22,38040769,1,C/G",255,37,0.18
RPL3_1,0.13 ,"22,38043570,1,C/G",64,8,0.15
NUP50,0.04 ,"22,43953006,1,A/G",208,8,0.05
