CELL,chr18:32720359:MAPRE2 57,chr8:7308729:SPAG11B 51,chr1:145301831:RP11-458D21.5 56,chr15:65113493:PIF1 74,chr12:117013730:MAP1LC3B2 30,chr1:145316930:RP11-458D21.5 28,chr1:146422594:NBPF12 43,chr15:32740394:GOLGA8O 27,chr21:9866198:MIR3687-TEKT4P2 47,chr3:172365619:AC007919.2 50,chr10:42529426:RP11-96F8.1-KSR1P1 35,chr10:42529429:RP11-96F8.1-KSR1P1 35,chr10:42529421:RP11-96F8.1-KSR1P1 33,chr10:42529459:RP11-96F8.1-KSR1P1 35,chr10:42529451:RP11-96F8.1-KSR1P1 35,chr21:9907222:TEKT4P2 39,chr16:20488696:ACSM2A 56,chr10:42398648:RP11-96F8.1-KSR1P1 55,chr11:48347392:OR4C3 30,chr6:74073531:KHDC3L 57,chr11:120198093:TMEM136 60,chr10:47755601:AL603965.1 45,chr10:47755600:AL603965.1 45,chr10:47755602:AL603965.1 44,chr10:47755604:AL603965.1 45,chr10:47755625:AL603965.1 56,chr11:48347419:OR4C3 27,chr12:133050728:MUC8 45,chr3:195515141:MUC4 34,chr10:51852982:FAM21A 56,chr17:39155969:KRTAP3-2 81,chr9:136065746:GBGT1-OBP2B 48,chr22:18844925:AC008132.13 46,chr22:18844888:AC008132.13 36,chr2:133019279:MIR663B 31,chr2:133019329:MIR663B 48,chr6:33632618:ITPR3 67,chr19:13255536:CTC-250I14.3 100,chr1:13424263:PRAMEF9 33,chr22:16287789:POTEH 32,chr11:124972377:TMEM218 58,chr8:143994321:CYP11B2 63,chr10:37430995:ANKRD30A 27,chr7:2646723:IQCE 63,chr10:48260601:RP11-301J7.8 49,chr1:144857068:RP4-791M13.4 78,chr7:143452752:CTAGE6 43,chr3:10387059:ATP2B2 60,chr7:143452675:CTAGE6 43,chr1:146454644:NBPF12 85,chr15:85785514:GOLGA6L3 30,chr10:42400225:RP11-96F8.1-KSR1P1 26,chr6:31378768:HCP5 76,chr14:20665840:OR11G2 53,chr9:71693079:FXN 81,chr1:145281633:NOTCH2NL 34,chr15:83006261:CSPG4P9-GOLGA6L19 27,chr15:23438847:RN7SL106P 43,chr21:9910578:TEKT4P2 29,chr1:146457949:NBPF12 38,chr15:30847202:GOLGA8Q 31,chr2:110660402:LIMS3 33,chr3:195509443:MUC4 34,chr6:152443744:SYNE1 62,chr9:19058743:HAUS6 71,chr1:161518618:RP11-25K21.6 39,chr3:195507683:MUC4 26,chr1:16976585:MST1P2 26,chr21:9911029:TEKT4P2 48,chr17:39421886:KRTAP9-6 33,chr1:121485248:RP11-344P13.1-RP11-417J8.1 27,chr9:20885240:FOCAD 72,chr9:100963977:TBC1D2 64,chr16:70010589:RP11-419C5.2 31,chr10:82896560:RPA2P2 28,chr1:145298005:NBPF10 46,chr12:57637667:STAC3 60,chr2:110660947:LIMS3 32,chr1:154516578:TDRD10 89,chr8:7328067:DEFB104B 44,chr14:20181274:OR11H2 40,chr14:20181271:OR11H2 39,chr15:21066837:POTEB2 37,chr16:66646:WASH4P 27,chr15:32685258:GOLGA8K 34,chr2:240900691:NDUFA10 80,chr11:60971069:PGA3 39,chr16:15813633:NDE1 60,chr21:46644427:ADARB1 33,chr15:93492240:CHD2 42,chr16:18455443:NPIPA7 41,chr9:30689788:RBMXP2 62,chr6:51890260:PKHD1 35,chr22:20615172:AC011718.1 28,chr18:10704619:PIEZO2 60,chr19:49550888:CTB-60B18.17 45,chr11:60974811:PGA3 68,chr11:60974846:PGA3 56,chr1:227920195:JMJD4 49,chr14:24592226:DCAF11 39,chr16:28783484:NPIPB9 36,chr1:144823787:NBPF9 33,chr19:49526167:CGB 31,chr1:146420884:NBPF12 26,chr15:72535011:PARP6 27,chr1:16993511:RNU1-3 35
1,0,0,1,0,0,0,0,0,0,0,0,0,0,0,0,0,0,0,0,0,0,0,0,0,0,0,0,0,0,0,0,0,0,1,0,0,0,0,0,0,0,0,0,0,1,0,0,0,0,0,0,1,0,0,0,0,0,0,0,0,1,0,0,0,0,0,0,0,0,0,0,0,0,0,0,0,0,0,0,0,0,0,0,0,0,0,0,0,0,0,0,0,0,0,0,0,0,0,0,0,0,0,0,0,0,1
2,1,1,0,1,0,1,0,1,1,1,1,1,1,1,1,0,0,1,0,0,0,0,0,0,0,0,0,0,0,0,0,1,1,1,1,0,0,1,0,0,1,0,0,1,0,1,1,1,1,0,1,1,1,1,1,1,0,1,1,0,0,0,1,1,1,0,0,1,0,0,0,0,1,1,1,1,0,0,1,1,0,1,0,1,1,1,0,1,1,0,1,0,1,1,1,0,0,0,1,1,0,0,0,0,1,0
3,0,0,1,0,0,0,0,0,0,0,0,0,0,0,0,0,0,0,0,0,0,0,0,0,0,0,0,0,0,0,0,0,0,0,0,0,0,0,0,0,0,0,0,0,0,0,0,0,1,0,0,0,0,0,0,0,0,0,0,0,0,0,0,0,0,0,0,0,0,0,0,0,0,0,0,0,0,0,0,1,0,0,1,0,0,0,0,1,0,0,0,0,0,0,0,1,0,0,0,0,1,0,0,0,0,0
4,0,0,0,0,0,0,0,0,0,0,0,0,0,0,0,0,1,0,0,0,0,0,0,0,0,0,0,0,0,0,0,0,0,0,0,0,0,0,0,0,1,0,0,0,0,1,0,0,1,0,0,1,0,0,0,0,0,0,0,0,0,0,0,0,0,0,0,0,0,0,0,0,0,0,0,0,0,0,0,0,1,1,0,0,0,0,0,0,0,0,0,0,0,0,0,0,0,0,0,0,0,0,0,1,0,0
5,0,0,0,0,0,0,1,1,0,0,1,1,1,1,1,0,0,0,0,0,0,0,0,0,0,0,0,0,0,0,0,0,0,0,0,0,0,0,0,0,0,0,0,0,0,0,0,0,0,0,0,1,0,0,0,0,0,0,0,0,1,0,0,0,0,0,0,0,0,0,0,0,0,0,0,0,0,0,0,0,0,0,0,0,0,0,0,0,1,0,0,0,0,0,0,0,0,0,0,0,1,0,0,0,0,0
6,0,1,1,0,0,1,0,1,0,0,1,1,1,1,1,0,0,0,0,0,0,0,0,0,0,0,0,0,1,0,0,1,1,1,1,0,1,0,0,0,1,1,0,0,0,0,0,1,0,0,0,1,0,0,0,0,1,0,0,0,1,0,0,1,1,0,0,1,1,0,1,0,0,0,0,0,0,0,0,1,0,1,0,0,0,0,0,1,0,1,0,0,0,0,0,1,1,1,0,0,0,0,0,0,0,0
7,0,1,0,0,1,1,0,0,0,0,0,0,0,0,0,0,1,0,1,0,0,0,0,0,0,0,1,0,1,0,0,0,1,1,1,1,1,0,0,0,0,0,0,1,0,0,1,1,0,0,0,1,1,0,0,0,1,0,0,0,0,1,1,0,1,0,0,0,0,0,0,0,0,0,0,0,0,1,0,0,1,1,0,0,0,0,0,0,0,0,0,0,0,1,0,0,1,0,0,0,1,0,0,0,0,0
8,0,0,0,0,0,0,0,0,0,0,0,0,0,0,0,0,0,0,0,1,0,0,0,0,0,0,0,0,1,0,0,1,0,0,1,0,1,0,1,0,0,0,0,0,0,0,0,0,0,1,0,1,0,0,0,0,0,1,0,0,0,0,0,1,1,1,1,0,0,0,0,1,0,0,0,1,0,0,0,1,0,0,0,0,0,0,0,0,0,0,1,1,0,0,0,0,1,1,0,0,1,0,0,0,0,0
9,0,1,0,0,1,0,0,0,0,0,1,1,1,1,1,0,0,0,1,0,0,0,0,0,0,0,1,0,0,0,0,1,0,1,1,0,0,0,0,1,1,0,0,1,0,0,0,0,1,0,0,1,0,0,0,0,0,0,0,0,1,0,0,0,0,0,0,0,0,0,0,0,0,1,0,0,0,0,0,0,0,0,0,0,0,0,0,1,0,0,0,0,0,0,0,0,0,0,0,0,0,0,0,0,0,0
10,0,1,0,0,0,0,0,0,0,0,0,0,0,0,0,0,0,0,0,0,0,0,0,0,0,0,0,0,0,0,0,0,0,0,1,0,0,0,0,0,1,0,0,0,0,0,0,0,1,0,0,1,0,0,0,0,0,0,0,0,0,0,0,0,0,0,0,0,0,0,0,0,0,0,0,0,0,0,0,0,0,0,0,0,0,0,0,1,0,0,0,0,0,0,0,1,0,0,0,0,0,0,0,0,0,0
11,0,1,0,1,0,0,0,0,0,0,1,1,1,1,1,1,0,0,0,0,0,1,1,1,1,1,0,1,0,1,1,1,1,1,1,0,0,0,0,0,1,0,1,0,0,0,1,0,1,1,0,1,0,1,0,0,0,0,0,0,1,0,0,1,0,0,0,1,0,1,0,0,0,1,1,0,1,0,0,0,0,0,0,0,0,0,1,1,0,0,1,0,1,1,0,1,0,0,0,0,1,0,1,0,0,0
12,0,1,1,0,0,1,0,0,0,0,1,0,1,0,0,0,0,0,0,0,1,0,0,0,0,0,0,0,0,0,0,0,0,0,1,1,0,0,0,0,0,0,1,0,0,0,0,0,0,1,0,1,0,0,0,0,0,1,0,1,0,1,0,1,0,0,0,0,0,0,0,0,0,0,0,0,0,1,0,1,0,1,0,0,0,0,0,0,0,0,0,0,1,0,0,0,1,0,0,0,0,1,0,0,0,0
