Cells,chr16:90234376 42,chr7:142139383 44,chr1:16910392 44,chr6:170627769 45,chr7:100552714 45,chr4_gl000194_random:2844 46,chr3:75718483 46,chr11:1017591 46,chr4:190947630 48,chr7:56087533 48,chr7:142139315 48,chr10:135438888 48,chr1:13477191 49,chr7:142139296 49,chr11:17457422 49,chrX:118604416 49,chr7:142139265 50,chr7:56087465 50,chr1:146436856 50,chr17:21319488 50,chr4_gl000193_random:78219 50,chr15:74365266 51,chr7:56088825 51,chr7:56087508 51,chr3:75679872 51,chr10:135439653 52,chr7:56087504 52,chr14:106478218 52,chrX:118603958 52,chr11:17457434 52,chr8:7131799 52,chr1:668642 52,chr17:21319392 53,chrX:118603894 53,chr17:21319407 53,chr5:177158673 53,chr15:22692513 53,chrX:118604007 53,chrX:118604004 53,chr12:7966846 54,chrX:118604014 54,chrX:118604006 54,chr4_gl000193_random:106668 54,chr4:9259837 54,chr17:21319369 54,chr15:28957616 54,chr17:263387 55,chr7:56087474 55,chr11:17457634 55,chr19:9009627 56,chr3:75713904 56,chr12:7966844 56,chr1:16975030 56,chr18:15316669 56,chr1:13123516 56,chr19:9009637 57,chr3:75713903 57,chr7:56087423 57,chr9:33799026 57,chr9:69777841 57,chr1:146242549 57,chrX:118603941 58,chr17:21319311 58,chr19:9009582 58,chr1:13219066 58,chr9:33395108 58,chr5:177462880 58,chr1:146242554 58,chr1:12939562 59,chr4:9223561 59,chr7:142008582 59,chr15:28951919 59,chr9:66930843 59,chr2:97851237 59,chr11:89608899 60,chr9:67278002 60,chr9:68415196 60,chr11:17457466 61,chr1:145368518 61,chr7:142008593 61,chr15:22692271 61,chr15:32886059 61,chr15:28623689 62,chr1:16908131 62,chr10:135440320 62,chr16:26043729 62,chr9:44994462 62,chr1:146412839 62,chr4:190948014 62,chr9:67334230 62,chr10:38475356 62,chr7:142460669 62,chr7:100550338 62,chr7:142099571 63,chr7:142460671 63,chr2:152454699 64,chrUn_gl000222:87811 64,chr10:135440335 64,chr5:745444 64,chr2:97851282 64,chr2:97851277 64,chr21:14982331 64,chr6_mann_hap4:2726462 65,chr10:135440328 65,chr1:143424070 65,chr10:135439220 65,chr1:16877409 65,chr17:75212450 65,chr10:38475348 65,chr10:38475353 65,chr3:195393134 65,chr22:38120429 66,chr7:142460642 66,chr15:23259512 66,chrX:101576806 66,chr14:20145919 66,chr7:142460660 66,chr7:142168348 67,chr22:18782197 67,chr9:33386146 67,chr1:12942562 67,chr4:9370148 67,chr10:38475358 67,chr14:106780996 67,chr2:92075603 69,chr3:197350322 69,chr7:142197731 69,chr7:142197730 69,chr1:146243018 70,chr9:33386144 70,chrX:155237292 70,chr18:11644785 71,chr1:144882912 71,chr22:21563630 71,chr9:44990374 71,chr9:33798998 71,chr9:43074475 72,chr17_gl000205_random:25893 72,chr22:42335882 73,chr1:17183228 73,chr2:92005659 73,chr10:42680691 73,chr1:148007374 73,chr1:149376495 74,chr10:38475346 74,chr18:11644564 74,chr11:89577989 75,chr9:46117659 75,chr18:15330263 75,chr11:9861297 75,chr2:133019279 75,chr2:133019144 75,chr13:25161438 75,chr1:12908235 76,chr1:17183232 76,chr3:10030521 76,chr1:146243022 78,chrUn_gl000211:111324 78,chr9:67793815 78,chr7:143507932 78,chr17:60362857 78,chr20:25764235 79,chr19:53418273 79,chr9:44990399 79,chr1:149263614 79,chr16:33710710 79,chr10:93878455 80,chr2:133019148 80,chr1:147955368 80,chr1:143743783 82,chr19:8999736 83,chr1:12855407 84,chr2:133019181 85,chr10:46898623 86,chr2:133019058 86,chr1:147955378 86,chrUn_gl000212:138464 86,chr1:12855374 87,chr5:33630804 87,chr9:44994403 87,chr12:53188174 87,chr10:81784516 88,chr1:12855406 88,chr9:68430415 88,chr9:33386167 90,chr9:68430416 90,chr9:68430408 92,chr7:150817430 93,chr9:35541 93,chr15:23311201 93,chr9:990751 94,chr10:46899162 94,chrX:54957047 94,chr1:13365596 95,chr2:133019195 97,chr15:21009540 98,chr16:74662536 99,chr9:67790152 100,chr12:8374864 102,chr17:3632683 103,chr17:7251372 104,chr14:52906179 105,chr15:86278314 105,chr6:51887615 106,chrX:70339254 111,chr16:3562671 113,chr14:20020480 114,chr1:245862232 114,chr19:9677497 116,chrX:55026792 119,chr1:148342950 121,chr2:64321960 125,chr1:12785318 129,chr1:10356740 129,chr4:37636341 130,chr8:163553 132,chr8:133089919 133,chrX:73744080 134,chr15:42481369 136,chr3:170928797 138,chr9:68726520 141
Cell1,0,1,0,0,0,0,0,0,0,0,1,1,0,1,0,0,1,0,0,1,0,0,0,0,0,0,0,1,0,0,0,1,1,0,1,1,0,0,0,1,0,0,0,0,1,0,0,0,0,0,0,1,0,1,0,0,0,0,1,0,0,1,1,0,0,0,0,0,1,1,0,0,0,1,0,0,0,0,0,0,0,1,1,1,0,0,0,0,1,0,0,0,0,1,0,0,0,0,0,1,1,0,0,0,1,1,0,0,0,0,0,0,0,0,0,0,0,0,0,0,0,0,0,0,0,0,0,0,0,0,0,0,1,0,0,1,1,0,1,0,1,0,0,0,0,0,0,1,0,0,0,0,0,0,0,1,0,0,0,0,0,0,0,0,1,0,0,0,0,0,1,0,0,0,0,0,0,0,0,0,1,0,0,0,0,0,0,0,0,0,0,1,1,1,0,0,0,0,1,0,0,0,0,0,0,1,0,1,1,1,0,0,1,0,0,1,0,0,0,0,0
Cell2,0,0,1,1,1,1,0,0,0,1,0,1,0,0,0,0,0,1,1,0,0,0,1,1,1,0,1,1,0,0,1,0,0,1,0,1,0,0,0,0,1,0,0,0,0,0,0,1,0,0,0,0,0,0,1,0,0,1,1,0,1,0,0,0,0,0,0,1,0,0,1,0,0,0,1,1,1,0,1,1,0,1,0,0,0,1,0,1,0,0,0,0,0,0,0,0,0,0,0,0,0,1,0,0,0,1,0,0,0,0,0,0,0,1,0,1,0,0,0,1,0,0,0,0,0,1,0,0,1,1,0,1,0,0,0,1,0,0,0,0,0,0,1,1,0,1,1,1,0,0,1,0,0,0,0,0,1,0,0,0,0,0,0,1,0,1,0,1,1,0,0,1,0,0,0,1,0,1,0,0,0,0,1,1,1,1,1,0,0,0,1,0,0,1,0,0,1,0,0,0,0,0,1,0,1,0,0,1,1,0,0,1,0,0,0,0,1,1,1,0,0
Cell3,0,0,0,1,1,0,0,0,1,0,0,0,0,0,0,0,0,0,0,0,0,0,0,0,1,0,0,0,0,0,0,0,0,0,0,0,0,0,0,0,0,0,0,0,0,0,0,0,0,0,1,0,0,0,1,0,1,0,1,0,0,0,0,0,1,1,0,0,0,0,0,1,0,1,0,0,0,0,1,0,0,0,0,0,0,0,0,0,1,1,0,1,1,1,1,0,0,0,0,1,1,0,0,0,1,1,0,0,0,0,1,0,0,0,1,0,1,0,0,1,0,0,0,1,0,0,0,0,0,1,1,0,1,0,0,1,0,0,0,0,0,1,0,1,0,0,0,1,0,0,1,0,0,0,0,1,0,0,0,1,0,1,0,0,0,0,0,0,0,0,0,1,0,1,0,0,0,1,0,0,1,0,1,0,0,0,0,1,0,0,1,1,0,0,0,0,1,0,0,0,1,0,1,1,1,1,0,0,1,1,1,1,0,1,0,0,1,0,0,0,0
Cell4,0,1,0,1,0,0,0,0,0,0,0,1,1,0,0,1,0,0,0,0,0,0,0,0,1,0,0,1,1,1,0,0,0,0,0,0,1,0,0,0,1,0,0,1,0,0,1,0,0,0,0,0,0,0,1,0,0,0,0,1,0,1,0,0,0,1,0,0,1,0,0,0,0,1,1,0,0,1,0,0,1,1,1,0,0,0,1,0,1,0,0,0,0,1,0,0,0,0,0,1,1,0,0,0,1,1,1,1,0,0,0,0,0,0,0,0,0,0,0,0,0,0,0,0,0,0,0,0,0,0,0,1,1,0,0,0,1,0,0,0,1,0,0,1,0,1,0,0,0,0,0,0,0,0,0,0,0,0,0,0,0,0,1,0,0,1,1,0,1,0,0,0,0,1,0,1,0,0,0,1,1,0,0,0,0,0,1,0,0,0,1,1,1,0,0,1,1,1,1,0,1,0,1,1,0,0,0,1,0,0,0,1,1,1,1,0,0,0,1,1,0
Cell5,0,0,1,0,1,0,0,1,0,0,0,1,1,0,1,1,0,0,1,0,0,1,0,0,0,0,0,1,1,1,0,1,0,1,0,0,0,1,1,1,1,1,1,0,0,0,0,0,0,0,0,1,0,0,0,0,0,0,1,1,0,1,0,0,0,0,0,0,0,0,1,0,0,0,0,0,0,1,1,1,0,0,0,0,0,1,0,1,0,0,1,1,0,1,1,0,0,0,0,0,0,0,0,0,0,1,0,0,1,1,1,1,1,0,1,1,1,1,0,0,0,0,1,0,0,0,0,0,0,0,0,1,0,0,0,1,0,0,0,0,0,0,0,0,1,1,0,0,0,0,1,0,1,0,0,0,0,1,1,0,1,0,0,1,0,0,1,1,1,0,1,0,0,1,1,1,0,0,1,0,0,0,0,0,1,0,1,0,1,0,0,1,1,0,1,0,0,0,0,1,1,0,0,1,0,1,0,1,0,1,0,0,1,1,1,0,0,1,1,0,0
Cell6,0,0,0,0,0,0,0,0,0,0,0,0,0,0,0,0,0,0,0,0,0,0,0,0,0,0,0,0,0,0,0,0,0,0,0,0,0,0,0,0,0,0,0,0,0,0,0,0,0,0,0,0,0,0,0,0,0,0,0,0,1,0,0,0,0,0,0,0,1,0,0,0,0,0,0,0,0,0,1,0,0,0,0,0,0,0,0,0,0,0,0,0,0,0,0,0,0,0,0,0,0,0,0,0,0,0,1,0,0,0,0,0,0,0,0,0,0,0,0,0,0,0,0,0,0,0,0,0,0,0,0,0,0,0,0,0,0,0,0,0,0,0,0,0,0,0,0,0,0,0,0,0,0,1,0,0,0,0,0,0,0,0,0,0,0,0,0,0,1,1,0,1,0,0,0,1,0,1,0,0,0,0,1,0,0,0,0,0,0,0,0,0,0,1,0,0,0,0,0,0,0,0,0,0,0,0,0,0,0,0,0,0,1,1,0,0,0,0,0,0,0
Cell7,0,1,0,1,0,0,1,0,0,0,1,0,0,0,1,1,0,0,0,0,1,1,1,0,0,0,0,1,1,1,0,0,0,1,0,0,1,1,1,0,1,1,1,0,0,0,0,0,1,0,1,0,0,1,0,0,0,0,0,1,1,1,0,0,1,1,0,1,0,0,0,0,0,1,1,0,1,1,1,0,0,0,1,0,1,0,0,1,0,0,0,0,0,1,0,1,1,1,0,1,1,0,1,1,0,0,0,0,0,0,0,0,0,0,0,0,0,0,1,0,0,0,0,0,0,0,1,1,0,0,0,0,0,0,0,0,0,0,0,0,1,1,1,1,0,0,1,0,0,1,0,0,0,1,0,0,0,0,0,0,1,0,0,0,0,0,1,0,1,0,0,0,1,1,0,1,1,0,0,0,1,0,0,0,0,0,0,0,0,0,1,1,1,0,1,1,1,0,1,0,0,1,1,1,1,0,0,1,1,1,0,1,1,1,0,0,0,1,1,0,1
Cell8,0,0,0,0,0,0,1,0,1,0,0,1,0,0,1,1,1,0,1,0,1,0,0,0,1,0,0,0,0,1,0,0,0,0,0,0,1,0,0,1,0,0,1,1,0,1,0,0,1,1,0,1,0,0,0,1,0,0,0,1,0,0,0,1,1,0,0,0,0,0,0,0,0,1,0,0,1,1,1,0,0,0,0,0,1,0,0,1,1,1,0,0,0,1,0,0,1,1,0,1,1,0,0,1,0,1,0,0,0,0,0,0,0,0,1,0,0,0,0,1,1,0,0,0,0,0,1,1,0,1,0,0,1,1,1,0,0,0,0,0,0,1,1,0,0,1,0,0,0,0,0,0,0,1,0,1,1,0,1,0,0,0,0,1,0,0,1,0,0,0,0,0,0,1,0,0,1,0,1,0,1,1,0,1,1,1,1,0,1,1,1,0,1,1,0,0,1,0,1,1,1,0,1,1,1,0,0,1,1,1,0,1,1,1,1,0,1,1,1,1,1
Cell9,0,1,1,0,0,0,1,0,0,0,1,0,0,1,1,1,1,0,0,0,1,1,0,0,0,0,0,1,1,1,0,0,0,1,0,0,0,1,1,1,1,1,1,1,0,0,0,0,0,0,1,1,0,1,0,0,1,0,0,1,0,1,0,0,0,0,0,0,0,0,0,0,0,0,0,1,1,1,1,0,0,1,0,1,0,0,0,0,0,0,0,1,0,0,1,1,1,0,0,1,1,0,0,0,1,0,0,0,0,0,1,0,0,0,1,0,0,1,1,1,0,0,0,0,0,0,0,0,1,1,0,0,0,0,0,0,1,1,0,0,1,1,1,1,0,0,0,1,0,0,0,0,0,1,0,0,0,0,0,1,0,0,0,0,1,0,0,0,0,0,0,0,0,1,0,0,1,0,1,0,1,0,0,0,1,0,0,0,1,0,1,1,1,1,0,0,0,0,0,1,1,1,1,1,1,1,0,1,0,1,1,1,1,1,1,0,0,1,1,0,0
Cell10,1,1,0,0,0,0,0,0,0,0,1,0,0,1,1,0,1,1,1,0,1,1,1,0,1,0,0,0,1,1,0,0,0,1,0,0,0,1,1,0,1,1,1,0,0,0,0,0,0,0,0,0,1,0,1,0,0,0,0,1,0,1,0,0,0,0,0,0,1,0,0,0,1,1,1,1,1,1,1,0,0,1,0,0,0,0,0,1,0,0,0,0,1,0,0,1,0,0,0,1,1,0,0,0,0,0,1,0,0,0,0,0,0,0,1,0,0,0,0,1,0,1,0,0,0,0,1,1,0,1,0,1,0,0,0,0,0,0,0,0,0,1,1,1,0,0,0,1,0,0,0,0,0,0,0,0,0,0,1,0,0,0,0,1,0,0,0,0,1,0,0,0,0,1,1,1,1,0,1,0,1,0,0,0,1,0,0,1,1,1,1,0,1,1,0,0,1,0,1,1,1,1,1,1,1,1,1,1,1,1,0,1,1,1,1,0,1,1,1,1,0
Cell11,0,1,1,0,0,0,0,0,0,0,1,0,0,1,1,1,1,0,0,0,0,0,0,0,0,0,0,1,1,1,0,0,0,1,0,0,0,1,1,0,1,1,0,0,0,0,0,0,0,0,1,0,0,0,0,0,1,0,0,0,1,1,0,0,0,0,0,1,0,0,0,0,0,0,0,0,1,1,1,0,0,0,0,1,0,0,1,1,0,0,1,1,0,0,1,0,1,0,0,0,0,0,0,0,0,0,0,0,1,1,0,0,1,0,1,0,1,1,1,0,0,0,1,1,0,1,1,1,1,0,0,1,0,0,0,0,0,0,0,1,1,1,1,1,1,1,1,0,0,1,0,0,0,0,1,1,1,1,0,0,0,0,0,0,0,0,0,0,0,0,0,0,0,0,0,0,1,0,1,1,0,1,0,0,0,0,0,0,0,0,1,0,1,0,0,1,1,0,1,0,0,1,1,1,1,1,0,0,1,1,0,1,1,1,0,0,1,0,1,0,0
Cell12,0,1,1,1,0,0,1,0,1,0,1,1,0,1,1,1,0,0,1,0,0,0,0,0,1,1,0,1,1,1,0,0,0,1,0,0,1,1,1,0,1,1,1,0,0,0,0,0,1,0,0,0,0,1,0,0,0,0,0,1,1,1,0,0,1,0,0,1,0,0,0,0,0,1,0,0,1,1,1,0,0,0,0,0,0,0,0,1,0,0,0,0,0,0,0,0,1,0,0,1,1,0,0,0,0,1,0,0,0,0,0,0,0,0,1,0,0,0,0,0,0,0,0,0,1,0,1,1,1,0,0,0,0,0,1,0,0,0,0,0,1,1,1,1,0,0,0,0,0,0,1,1,1,0,0,0,1,0,1,1,0,1,0,1,0,0,0,1,0,0,0,0,1,1,0,0,1,0,1,0,0,1,0,0,1,0,0,0,1,0,1,0,1,0,1,0,1,0,0,0,0,0,1,1,1,0,0,1,1,1,1,1,0,0,0,0,1,0,1,1,1
Cell13,0,1,0,0,0,0,1,0,1,0,1,1,0,1,1,1,1,0,1,0,0,0,0,0,0,0,0,1,1,1,0,0,0,1,0,0,0,1,1,1,1,1,1,0,0,0,0,0,1,0,1,1,0,0,0,0,1,0,0,0,0,1,0,0,0,0,1,0,0,0,0,0,1,1,0,0,1,1,1,0,0,1,0,1,0,0,0,0,1,1,0,0,0,0,0,0,0,0,1,1,1,0,1,0,0,1,1,0,0,0,0,0,0,0,0,1,0,1,1,0,0,0,0,0,1,0,1,1,0,0,1,1,1,0,1,0,0,0,0,0,0,1,0,0,0,0,0,0,1,0,0,0,1,1,0,0,0,0,1,0,0,0,0,1,0,0,1,0,0,0,0,0,0,0,0,0,1,0,1,0,0,0,1,0,0,0,0,0,1,0,1,0,1,1,0,0,0,0,0,0,0,0,1,1,0,0,0,0,0,1,0,0,1,1,0,0,1,1,0,0,1
